 Synth Crash Booster,28672
 Synth Drop Booster,28674
 High-Grade Asklepian Delta,42213
 Zainou 'Gypsy' Signature Analysis SA-703,10244
 Inherent Implants 'Highwall' Mining MX-1003,22534
 Inherent Implants 'Highwall' Mining MX-1005,22535
 Synth Mindflood Booster,28680
 Low-Grade Asklepian Alpha,42145
 Synth X-Instinct Booster,28682
 Synth Sooth Sayer Booster,28684
 High-grade Halo Alpha,20498
 High-grade Slave Alpha,20499
 High-grade Halo Beta,20500
 High-grade Slave Beta,20501
 High-grade Halo Delta,20502
 High-grade Slave Delta,20503
 High-grade Halo Epsilon,20504
 High-grade Slave Epsilon,20505
 High-grade Halo Gamma,20506
 High-grade Slave Gamma,20507
 High-grade Halo Omega,20508
 High-grade Slave Omega,20509
 Mining Foreman Mindlink,22559
 High-Grade Asklepian Epsilon,42214
 Genolution Core Augmentation CA-1,2082
 Synth Frentix Booster,28678
 Low-Grade Asklepian Beta,42146
 Eifyr and Co. 'Alchemist' Neurotoxin Control NC-905,25546
 Inherent Implants 'Yeti' Ice Harvesting IH-1003,22570
 Inherent Implants 'Yeti' Ice Harvesting IH-1005,22571
 Antipharmakon Thureo,36908
 Antipharmakon Kosybo,36909
 Antipharmakon Iokira,36910
 Antipharmakon Toxot,36911
 Antipharmakon Aeolis,36912
 Zainou 'Deadeye' Guided Missile Precision GP-803,24632
 Zainou 'Deadeye' Missile Bombardment MB-705,24636
 Zainou 'Deadeye' Missile Projection MP-705,24637
 Zainou 'Deadeye' Rapid Launch RL-1005,24638
 Zainou 'Deadeye' Target Navigation Prediction TN-905,24639
 Zainou 'Deadeye' Guided Missile Precision GP-805,24640
 Zainou 'Gnome' Launcher CPU Efficiency LE-603,24641
 Zainou 'Gnome' Launcher CPU Efficiency LE-605,24642
 Zor's Custom Navigation Hyper-Link,24663
 Cybernetic 'Source' Subprocessor,33807
 Low-grade Nomad Beta,33948
 Shaqil's Speed Enhancer,24669
 Low-grade Grail Alpha,32101
 Neural 'Source' Boost,33808
 Mid-grade Centurion Alpha,28790
 Mid-grade Centurion Beta,28791
 Mid-grade Centurion Delta,28792
 Mid-grade Centurion Epsilon,28793
 Mid-grade Centurion Gamma,28794
 Mid-grade Centurion Omega,28795
 Mid-grade Nomad Alpha,28796
 Mid-grade Nomad Beta,28797
 Mid-grade Nomad Delta,28798
 Mid-grade Nomad Epsilon,28799
 Mid-grade Nomad Gamma,28800
 Mid-grade Nomad Omega,28801
 Mid-grade Harvest Alpha,28802
 Mid-grade Harvest Beta,28803
 Mid-grade Harvest Delta,28804
 Mid-grade Harvest Epsilon,28805
 Mid-grade Harvest Gamma,28806
 Mid-grade Harvest Omega,28807
 Mid-grade Virtue Alpha,28808
 Mid-grade Virtue Beta,28809
 Mid-grade Virtue Delta,28810
 Mid-grade Virtue Epsilon,28811
 Mid-grade Virtue Gamma,28812
 Mid-grade Virtue Omega,28813
 Mid-grade Edge Alpha,28814
 Mid-grade Edge Beta,28815
 Mid-grade Edge Delta,28816
 Mid-grade Edge Epsilon,28817
 Mid-grade Edge Gamma,28818
 Mid-grade Edge Omega,28819
 Low-grade Talon Beta,32113
 Republic Special Ops Field Enhancer - Gamma,22715
 Low-grade Jackal Delta,32119
 Michi's Excavation Augmentor,20700
 Imperial Special Ops Field Enhancer - Standard,22760
 Low-grade Talisman Gamma,33969
 Low-grade Talon Omega,32125
 Low-grade Talisman Omega,33970
 Zor's Custom Navigation Link,19500
 QA Cerebral Accelerator - (128),42123
 QA SpaceAnchor Implant,33068
 Advanced Cerebral Accelerator,33087
 Low-grade Virtue Beta,33972
 Prototype Cerebral Accelerator,33111
 Low-grade Virtue Delta,33973
 High-grade Asklepian Omega,42215
 Low-grade Virtue Epsilon,33974
 Low-grade Virtue Omega,33976
 Inherent Implants 'Noble' Repair Systems RS-601,27070
 Inherent Implants 'Noble' Remote Armor Repair Systems RA-701,27071
 Inherent Implants 'Noble' Mechanic MC-801,27072
 Inherent Implants 'Noble' Repair Proficiency RP-901,27073
 Inherent Implants 'Noble' Hull Upgrades HG-1001,27074
 Eifyr and Co. 'Gunslinger' Motion Prediction MR-701,27075
 Zainou 'Deadeye' Sharpshooter ST-901,27076
 Inherent Implants 'Lancer' Gunnery RF-901,27077
 Zainou 'Deadeye' Trajectory Analysis TA-701,27078
 Inherent Implants 'Lancer' Controlled Bursts CB-701,27079
 Zainou 'Gnome' Weapon Upgrades WU-1001,27080
 Eifyr and Co. 'Gunslinger' Surgical Strike SS-901,27081
 Inherent Implants 'Lancer' Small Energy Turret SE-601,27082
 Zainou 'Deadeye' Small Hybrid Turret SH-601,27083
 Eifyr and Co. 'Gunslinger' Small Projectile Turret SP-601,27084
 Inherent Implants 'Lancer' Medium Energy Turret ME-801,27085
 Zainou 'Deadeye' Medium Hybrid Turret MH-801,27086
 Eifyr and Co. 'Gunslinger' Medium Projectile Turret MP-801,27087
 Inherent Implants 'Lancer' Large Energy Turret LE-1001,27088
 Zainou 'Deadeye' Large Hybrid Turret LH-1001,27089
 Eifyr and Co. 'Gunslinger' Large Projectile Turret LP-1001,27090
 Zainou 'Gnome' Launcher CPU Efficiency LE-601,27091
 Zainou 'Deadeye' Missile Bombardment MB-701,27092
 High-grade Talisman Alpha,19534
 Zainou 'Deadeye' Guided Missile Precision GP-801,27094
 Zainou 'Deadeye' Target Navigation Prediction TN-901,27095
 Zainou 'Deadeye' Rapid Launch RL-1001,27096
 Eifyr and Co. 'Rogue' Navigation NN-601,27097
 Eifyr and Co. 'Rogue' Fuel Conservation FC-801,27098
 High-grade Talisman Beta,19535
 Eifyr and Co. 'Rogue' High Speed Maneuvering HS-901,27100
 Eifyr and Co. 'Rogue' Acceleration Control AC-601,27101
 Inherent Implants 'Highwall' Mining MX-1001,27102
 Inherent Implants 'Yeti' Ice Harvesting IH-1001,27103
 Zainou 'Gnome' Shield Upgrades SU-601,27104
 High-grade Talisman Gamma,19536
 Zainou 'Gnome' Shield Emission Systems SE-801,27106
 Zainou 'Gnome' Shield Operation SP-901,27107
 Zainou 'Snapshot' Light Missiles LM-903,27108
 Zainou 'Snapshot' Heavy Assault Missiles AM-703,27109
 Eifyr and Co. 'Rogue' Afterburner AB-610,27110
 High-grade Talisman Delta,19537
 Eifyr and Co. 'Rogue' Warp Drive Operation WD-610,27112
 Eifyr and Co. 'Rogue' Warp Drive Operation WD-602,27113
 Eifyr and Co. 'Rogue' Warp Drive Speed WS-615,27114
 Eifyr and Co. 'Rogue' Warp Drive Speed WS-605,27115
 Inherent Implants 'Squire' Capacitor Management EM-805,27116
 Inherent Implants 'Squire' Capacitor Management EM-801,27117
 Inherent Implants 'Squire' Capacitor Systems Operation EO-605,27118
 Inherent Implants 'Squire' Capacitor Systems Operation EO-601,27119
 Inherent Implants 'Squire' Capacitor Emission Systems ES-701,27120
 Inherent Implants 'Squire' Capacitor Emission Systems ES-705,27121
 Inherent Implants 'Squire' Energy Pulse Weapons EP-705,27122
 Inherent Implants 'Squire' Energy Pulse Weapons EP-701,27123
 Inherent Implants 'Squire' Energy Grid Upgrades EU-705,27124
 Inherent Implants 'Squire' Energy Grid Upgrades EU-701,27125
 Inherent Implants 'Squire' Power Grid Management EG-605,27126
 Inherent Implants 'Squire' Power Grid Management EG-601,27127
 Zainou 'Gypsy' Electronics Upgrades EU-605,27128
 High-grade Snake Alpha,19540
 Zainou 'Gypsy' Signature Analysis SA-705,27130
 Zainou 'Gypsy' Signature Analysis SA-701,27131
 Zainou 'Gypsy' CPU Management EE-605,27142
 Zainou 'Gypsy' CPU Management EE-601,27143
 Eifyr and Co. 'Alchemist' Biology BY-805,27147
 Eifyr and Co. 'Alchemist' Biology BY-810,27148
 Inherent Implants 'Highwall' Mining Upgrades MU-1003,27149
 Inherent Implants 'Highwall' Mining Upgrades MU-1005,27150
 Inherent Implants 'Highwall' Mining Upgrades MU-1001,27151
 Hardwiring - Poteque Pharmaceuticals 'Consul' PPA-1,27152
 Hardwiring - Poteque Pharmaceuticals 'Consul' PPB-1,27153
 Hardwiring - Poteque Pharmaceuticals 'Consul' PPC-1,27154
 Hardwiring - Poteque Pharmaceuticals 'Consul' PPD-1,27155
 Hardwiring - Poteque Pharmaceuticals 'Consul' PPE-1,27156
 Hardwiring - Poteque Pharmaceuticals 'Consul' PPA-0,27157
 Hardwiring - Poteque Pharmaceuticals 'Consul' PPA-2,27158
 Hardwiring - Poteque Pharmaceuticals 'Consul' PPB-2,27159
 Hardwiring - Poteque Pharmaceuticals 'Consul' PPB-0,27160
 Hardwiring - Poteque Pharmaceuticals 'Consul' PPC-2,27161
 Hardwiring - Poteque Pharmaceuticals 'Consul' PPC-0,27162
 Hardwiring - Poteque Pharmaceuticals 'Consul' PPD-2,27163
 Hardwiring - Poteque Pharmaceuticals 'Consul' PPD-0,27164
 Genolution Core Augmentation CA-2,2589
 Hardwiring - Poteque Pharmaceuticals 'Consul' PPE-0,27166
 Zainou 'Beancounter' Industry BX-802,27167
 Zainou 'Beancounter' Reprocessing RX-802,27169
 Zainou 'Beancounter' Industry BX-801,27170
 Zainou 'Beancounter' Industry BX-804,27171
 Zainou 'Beancounter' Reprocessing RX-804,27174
 Zainou 'Beancounter' Reprocessing RX-801,27175
 Zainou 'Beancounter' Metallurgy MY-703,27176
 Inherent Implants 'Noble' Remote Armor Repair Systems RA-705,19548
 Zainou 'Beancounter' Science SC-803,27178
 Zainou 'Beancounter' Research RR-605,27179
 Zainou 'Beancounter' Research RR-601,27180
 Zainou 'Beancounter' Metallurgy MY-705,27181
 Zainou 'Beancounter' Metallurgy MY-701,27182
 Inherent Implants 'Noble' Mechanic MC-805,19549
 Zainou 'Beancounter' Science SC-805,27184
 Zainou 'Beancounter' Science SC-801,27185
 Poteque 'Prospector' Astrometric Pinpointing AP-606,27186
 Poteque 'Prospector' Astrometric Acquisition AQ-706,27187
 Poteque 'Prospector' Astrometric Rangefinding AR-806,27188
 Inherent Implants 'Noble' Hull Upgrades HG-1005,19550
 Poteque 'Prospector' Astrometric Pinpointing AP-610,27190
 Poteque 'Prospector' Astrometric Pinpointing AP-602,27191
 Poteque 'Prospector' Astrometric Acquisition AQ-710,27192
 Poteque 'Prospector' Astrometric Acquisition AQ-702,27193
 Poteque 'Prospector' Astrometric Rangefinding AR-810,27194
 Zainou 'Snapshot' Heavy Missiles HM-706,3167
 Poteque 'Prospector' Archaeology AC-905,27196
 Poteque 'Prospector' Hacking HC-905,27197
 Poteque 'Prospector' Salvaging SV-905,27198
 Hardwiring - Zainou 'Sharpshooter' ZMX100,27204
 Hardwiring - Zainou 'Sharpshooter' ZMX1000,27205
 Hardwiring - Zainou 'Sharpshooter' ZMX10,27206
 High-grade Snake Gamma,19553
 Low-grade Crystal Beta,33924
 High-grade Snake Delta,19554
 Strong X-Instinct Booster,15459
 Inherent Implants 'Sergeant' XE4,27223
 Zainou 'Gypsy' Target Painting TG-903,27224
 Standard Frentix Booster,15460
 Zainou 'Gypsy' Electronic Warfare EW-901,27226
 Zainou 'Gypsy' Long Range Targeting LT-805,27227
 Zainou 'Gypsy' Long Range Targeting LT-801,27229
 Zainou 'Gypsy' Propulsion Jamming PJ-805,27230
 Improved Frentix Booster,15461
 Zainou 'Gypsy' Sensor Linking SL-905,27232
 Zainou 'Gypsy' Sensor Linking SL-901,27233
 Zainou 'Gypsy' Weapon Disruption WD-905,27234
 Zainou 'Gypsy' Weapon Disruption WD-901,27235
 Zainou 'Gypsy' Target Painting TG-905,27236
 Strong Frentix Booster,15462
 Eifyr and Co. 'Alchemist' Gas Harvesting GH-803,27238
 Eifyr and Co. 'Alchemist' Gas Harvesting GH-805,27239
 Eifyr and Co. 'Alchemist' Gas Harvesting GH-801,27240
 Standard Mindflood Booster,15463
 Zainou 'Snapshot' Defender Missiles DM-801,27244
 Zainou 'Snapshot' Heavy Assault Missiles AM-705,27245
 Zainou 'Snapshot' Heavy Assault Missiles AM-701,27246
 Zainou 'Snapshot' FOF Explosion Radius FR-1005,27247
 Improved Mindflood Booster,15464
 Zainou 'Snapshot' Heavy Missiles HM-705,27250
 Zainou 'Snapshot' Heavy Missiles HM-701,27251
 Zainou 'Snapshot' Light Missiles LM-905,27252
 Zainou 'Snapshot' Light Missiles LM-901,27253
 Zainou 'Snapshot' Rockets RD-905,27254
 Strong Mindflood Booster,15465
 Zainou 'Snapshot' Torpedoes TD-605,27256
 Zainou 'Snapshot' Torpedoes TD-601,27257
 Zainou 'Snapshot' Cruise Missiles CM-605,27258
 Zainou 'Snapshot' Cruise Missiles CM-601,27259
 Poteque 'Prospector' Environmental Analysis EY-1005,27260
 Republic Fleet Command Mindlink,33405
 Caldari Navy Command Mindlink,33406
 Hardwiring - Zainou 'Beancounter' CI-1,27264
 Hardwiring - Poteque Pharmaceuticals 'Draftsman' GI-1,27265
 Hardwiring - Zainou 'Beancounter' CI-2,27267
 Hardwiring - Poteque Pharmaceuticals 'Draftsman' GI-2,27268
 Hardwiring - Poteque Pharmaceuticals 'Consul' PPA-X,27269
 Hardwiring - Poteque Pharmaceuticals 'Consul' PPB-X,27270
 Hardwiring - Poteque Pharmaceuticals 'Consul' PPC-X,27271
 Hardwiring - Poteque Pharmaceuticals 'Consul' PPD-X,27272
 Hardwiring - Poteque Pharmaceuticals 'Consul' PPE-X,27273
 Low-Grade Asklepian Omega,42203
 Hardwiring - Poteque Pharmaceuticals 'Consul' PPE-2,27165
 Improved Drop Booster,15477
 Strong Drop Booster,15478
 Standard Exile Booster,15479
 QA Warp Accelerator,33486
 Improved Exile Booster,15480
 Genolution Core Augmentation CA-3,33393
 QA Cerebral Accelerator - (64),42122
 QA Agility Booster,33512
 High-grade Ascendancy Alpha,33516
 Low-grade Centurion Beta,33918
 Low-grade Centurion Alpha,33917
 High-grade Ascendancy Beta,33525
 High-grade Ascendancy Delta,33526
 High-grade Ascendancy Epsilon,33527
 High-grade Ascendancy Gamma,33528
 High-grade Ascendancy Omega,33529
 Low-grade Centurion Delta,33919
 Zainou 'Deadeye' Missile Projection MP-701,27093
 Low-grade Centurion Epsilon,33920
 Strong Exile Booster,25349
 Low-grade Centurion Gamma,33921
 Low-grade Centurion Omega,33922
 Mid-grade Ascendancy Alpha,33555
 Mid-grade Ascendancy Beta,33557
 Standard Cerebral Accelerator,2838
 Mid-grade Ascendancy Delta,33559
 Mid-grade Ascendancy Epsilon,33561
 Mid-grade Ascendancy Gamma,33563
 Mid-grade Ascendancy Omega,33565
 Low-grade Crystal Delta,33925
 Eifyr and Co. 'Rogue' Evasive Maneuvering EM-701,27099
 Low-grade Crystal Epsilon,33926
 Low-grade Crystal Gamma,33927
 Zainou 'Gypsy' Target Painting TG-901,27237
 Low-grade Crystal Omega,33928
 Low-grade Edge Alpha,33929
 Low-grade Edge Beta,33930
 Low-grade Edge Delta,33931
 Zainou 'Gnome' Shield Management SM-701,27105
 Low-grade Edge Epsilon,33932
 Low-grade Edge Gamma,33933
 Low-grade Edge Omega,33934
 Low-grade Halo Alpha,33935
 Low-grade Halo Beta,33936
 Low-grade Halo Delta,33937
 Eifyr and Co. 'Rogue' Afterburner AB-602,27111
 Inherent Implants 'Lancer' Gunnery RF-903,13166
 Low-grade Halo Omega,33940
 Low-grade Harvest Alpha,33941
 Low-grade Crystal Alpha,33923
 Low-grade Harvest Beta,33942
 Zainou 'Snapshot' Defender Missiles DM-805,27243
 Low-grade Harvest Delta,33943
 Low-grade Harvest Epsilon,33944
 Low-grade Harvest Gamma,33945
 Armored Command Mindlink,13209
 Low-grade Harvest Omega,33946
 Zainou 'Gypsy' CPU Management EE-603,13216
 Inherent Implants 'Lancer' Large Energy Turret LE-1003,13217
 Zainou 'Deadeye' Large Hybrid Turret LH-1003,13218
 Eifyr and Co. 'Gunslinger' Large Projectile Turret LP-1003,13219
 Inherent Implants 'Lancer' Medium Energy Turret ME-803,13220
 Zainou 'Deadeye' Medium Hybrid Turret MH-803,13221
 Eifyr and Co. 'Gunslinger' Medium Projectile Turret MP-803,13222
 Inherent Implants 'Lancer' Small Energy Turret SE-603,13223
 Zainou 'Deadeye' Small Hybrid Turret SH-603,13224
 Eifyr and Co. 'Gunslinger' Small Projectile Turret SP-603,13225
 Zainou 'Snapshot' Cruise Missiles CM-603,13226
 Zainou 'Snapshot' Defender Missiles DM-803,13227
 Zainou 'Snapshot' FOF Explosion Radius FR-1003,13228
 Zainou 'Snapshot' Heavy Missiles HM-703,13229
 Zainou 'Snapshot' Rockets RD-903,13230
 Zainou 'Snapshot' Torpedoes TD-603,13231
 Zainou 'Gypsy' Electronic Warfare EW-903,13232
 Zainou 'Gypsy' Long Range Targeting LT-803,13233
 Zainou 'Gypsy' Propulsion Jamming PJ-803,13234
 Zainou 'Gypsy' Sensor Linking SL-903,13235
 Zainou 'Gypsy' Weapon Disruption WD-903,13236
 Eifyr and Co. 'Rogue' Navigation NN-603,13237
 Eifyr and Co. 'Rogue' Fuel Conservation FC-803,13238
 Eifyr and Co. 'Rogue' Afterburner AB-606,13239
 Eifyr and Co. 'Rogue' Evasive Maneuvering EM-703,13240
 Eifyr and Co. 'Rogue' Warp Drive Operation WD-606,13241
 Eifyr and Co. 'Rogue' Warp Drive Speed WS-610,13242
 Eifyr and Co. 'Rogue' High Speed Maneuvering HS-903,13243
 Eifyr and Co. 'Gunslinger' Surgical Strike SS-903,13244
 Zainou 'Deadeye' Trajectory Analysis TA-703,13245
 Inherent Implants 'Lancer' Controlled Bursts CB-703,13246
 Zainou 'Deadeye' Missile Bombardment MB-703,13247
 Zainou 'Deadeye' Missile Projection MP-703,13248
 Zainou 'Deadeye' Rapid Launch RL-1003,13249
 Zainou 'Deadeye' Target Navigation Prediction TN-903,13250
 Inherent Implants 'Squire' Energy Pulse Weapons EP-703,13251
 Zainou 'Gnome' Weapon Upgrades WU-1003,13252
 Zainou 'Gnome' Shield Upgrades SU-603,13253
 Zainou 'Gypsy' Electronics Upgrades EU-603,13254
 Inherent Implants 'Squire' Energy Grid Upgrades EU-703,13255
 Inherent Implants 'Noble' Hull Upgrades HG-1003,13256
 Inherent Implants 'Noble' Mechanic MC-803,13257
 Inherent Implants 'Noble' Repair Systems RS-603,13258
 Inherent Implants 'Squire' Capacitor Management EM-803,13259
 Inherent Implants 'Squire' Capacitor Systems Operation EO-603,13260
 Inherent Implants 'Squire' Power Grid Management EG-603,13261
 Zainou 'Gnome' Shield Emission Systems SE-803,13262
 Zainou 'Gnome' Shield Operation SP-903,13263
 Inherent Implants 'Squire' Capacitor Emission Systems ES-703,13265
 Low-grade Slave Delta,33955
 Zainou 'Gypsy' Electronics Upgrades EU-601,27129
 Low-grade Slave Epsilon,33956
 Low-grade Slave Gamma,33957
 Limited Ocular Filter,13283
 Limited Memory Augmentation,13284
 Limited Neural Boost,13285
 Limited Social Adaptation Chip,13286
 Limited Cybernetic Subprocessor,13287
 Low-grade Snake Alpha,33959
 Low-grade Snake Beta,33960
 Low-grade Snake Delta,33961
 Synth Exile Booster,28676
 Zainou 'Gnome' Shield Upgrades SU-602,3077
 Zainou 'Gnome' Shield Upgrades SU-604,3078
 Zainou 'Gnome' Shield Upgrades SU-606,3079
 Zainou 'Gnome' Shield Management SM-702,3080
 Zainou 'Gnome' Shield Management SM-704,3081
 Zainou 'Gnome' Shield Management SM-706,3084
 Zainou 'Gnome' Shield Emission Systems SE-802,3085
 Zainou 'Gnome' Shield Emission Systems SE-804,3086
 Zainou 'Gnome' Shield Emission Systems SE-806,3087
 Zainou 'Gnome' Shield Operation SP-902,3088
 Zainou 'Gnome' Shield Operation SP-904,3089
 Zainou 'Gnome' Shield Operation SP-906,3092
 Eifyr and Co. 'Rogue' Evasive Maneuvering EM-702,3093
 Eifyr and Co. 'Rogue' Evasive Maneuvering EM-704,3094
 Eifyr and Co. 'Rogue' Evasive Maneuvering EM-706,3095
 Eifyr and Co. 'Rogue' Navigation NN-602,3096
 Eifyr and Co. 'Rogue' Navigation NN-604,3097
 Low-grade Talisman Delta,33967
 Eifyr and Co. 'Rogue' Navigation NN-606,3100
 Eifyr and Co. 'Rogue' Fuel Conservation FC-802,3101
 Eifyr and Co. 'Rogue' Fuel Conservation FC-804,3102
 Eifyr and Co. 'Rogue' Fuel Conservation FC-806,3103
 Eifyr and Co. 'Rogue' Afterburner AB-604,3104
 Eifyr and Co. 'Rogue' Afterburner AB-608,3105
 Eifyr and Co. 'Rogue' Afterburner AB-612,3108
 Eifyr and Co. 'Rogue' Warp Drive Operation WD-604,3109
 Eifyr and Co. 'Rogue' Warp Drive Operation WD-608,3110
 Eifyr and Co. 'Rogue' Warp Drive Operation WD-612,3111
 Eifyr and Co. 'Rogue' High Speed Maneuvering HS-902,3112
 Eifyr and Co. 'Rogue' High Speed Maneuvering HS-904,3113
 Eifyr and Co. 'Rogue' High Speed Maneuvering HS-906,3116
 Eifyr and Co. 'Rogue' Warp Drive Speed WS-608,3117
 Eifyr and Co. 'Rogue' Warp Drive Speed WS-613,3118
 Eifyr and Co. 'Rogue' Warp Drive Speed WS-618,3119
 Eifyr and Co. 'Rogue' Acceleration Control AC-602,3120
 Eifyr and Co. 'Rogue' Acceleration Control AC-604,3121
 Low-grade Virtue Alpha,33971
 Eifyr and Co. 'Rogue' Acceleration Control AC-606,3124
 Zainou 'Deadeye' Guided Missile Precision GP-802,3125
 Zainou 'Deadeye' Guided Missile Precision GP-804,3126
 Zainou 'Deadeye' Guided Missile Precision GP-806,3127
 Zainou 'Deadeye' Missile Bombardment MB-702,3128
 Zainou 'Deadeye' Missile Bombardment MB-704,3129
 Zainou 'Deadeye' Missile Bombardment MB-706,3132
 Zainou 'Deadeye' Missile Projection MP-702,3133
 Zainou 'Deadeye' Missile Projection MP-704,3134
 Zainou 'Deadeye' Missile Projection MP-706,3135
 Zainou 'Deadeye' Rapid Launch RL-1002,3136
 Zainou 'Deadeye' Rapid Launch RL-1004,3137
 Zainou 'Deadeye' Rapid Launch RL-1006,3140
 Zainou 'Deadeye' Target Navigation Prediction TN-902,3141
 Zainou 'Deadeye' Target Navigation Prediction TN-904,3142
 Zainou 'Deadeye' Target Navigation Prediction TN-906,3143
 Zainou 'Gnome' Launcher CPU Efficiency LE-602,3144
 Zainou 'Gnome' Launcher CPU Efficiency LE-604,3145
 Low-grade Virtue Gamma,33975
 Zainou 'Gnome' Launcher CPU Efficiency LE-606,3148
 Hardwiring - Zainou 'Sharpshooter' ZMX11,3149
 Hardwiring - Zainou 'Sharpshooter' ZMX110,3150
 Hardwiring - Zainou 'Sharpshooter' ZMX1100,3151
 Zainou 'Snapshot' Defender Missiles DM-802,3152
 Zainou 'Snapshot' Defender Missiles DM-804,3153
 High-grade Talisman Epsilon,19538
 High-grade Talisman Omega,19539
 Zainou 'Snapshot' Defender Missiles DM-806,3156
 Zainou 'Snapshot' Heavy Assault Missiles AM-702,3157
 Zainou 'Snapshot' Heavy Assault Missiles AM-704,3158
 Zainou 'Snapshot' Heavy Assault Missiles AM-706,3159
 Zainou 'Snapshot' FOF Explosion Radius FR-1002,3160
 Zainou 'Snapshot' FOF Explosion Radius FR-1004,3161
 Inherent Implants 'Noble' Repair Systems RS-605,19547
 Zainou 'Snapshot' FOF Explosion Radius FR-1006,3164
 Zainou 'Snapshot' Heavy Missiles HM-702,3165
 Zainou 'Snapshot' Heavy Missiles HM-704,3166
 High-grade Snake Beta,19551
 Zainou 'Snapshot' Light Missiles LM-902,3168
 Zainou 'Snapshot' Light Missiles LM-904,3169
 Improved X-Instinct Booster,15458
 High-grade Snake Epsilon,19555
 Zainou 'Snapshot' Light Missiles LM-906,3172
 Zainou 'Snapshot' Rockets RD-902,3173
 Zainou 'Snapshot' Rockets RD-904,3174
 Zainou 'Snapshot' Rockets RD-906,3175
 Zainou 'Snapshot' Torpedoes TD-602,3176
 Zainou 'Snapshot' Torpedoes TD-604,3177
 Standard Drop Booster,15466
 Zainou 'Snapshot' Torpedoes TD-606,3180
 Zainou 'Snapshot' Cruise Missiles CM-602,3181
 Zainou 'Snapshot' Cruise Missiles CM-604,3182
 Zainou 'Snapshot' Cruise Missiles CM-606,3183
 Eifyr and Co. 'Gunslinger' Medium Projectile Turret MP-802,3185
 Eifyr and Co. 'Gunslinger' Medium Projectile Turret MP-804,3188
 Eifyr and Co. 'Gunslinger' Medium Projectile Turret MP-806,3189
 Eifyr and Co. 'Gunslinger' Motion Prediction MR-702,3190
 Eifyr and Co. 'Gunslinger' Motion Prediction MR-704,3191
 Eifyr and Co. 'Gunslinger' Motion Prediction MR-706,3192
 Eifyr and Co. 'Gunslinger' Surgical Strike SS-902,3193
 Eifyr and Co. 'Gunslinger' Surgical Strike SS-904,3194
 Eifyr and Co. 'Gunslinger' Surgical Strike SS-906,3195
 Eifyr and Co. 'Gunslinger' Large Projectile Turret LP-1002,3196
 Eifyr and Co. 'Gunslinger' Large Projectile Turret LP-1004,3197
 Eifyr and Co. 'Gunslinger' Large Projectile Turret LP-1006,3198
 Eifyr and Co. 'Gunslinger' Small Projectile Turret SP-602,3199
 Eifyr and Co. 'Gunslinger' Small Projectile Turret SP-604,3200
 Eifyr and Co. 'Gunslinger' Small Projectile Turret SP-606,3201
 Inherent Implants 'Lancer' Small Energy Turret SE-602,3202
 Inherent Implants 'Lancer' Controlled Bursts CB-702,3203
 Inherent Implants 'Lancer' Gunnery RF-902,3204
 Inherent Implants 'Lancer' Large Energy Turret LE-1002,3205
 Inherent Implants 'Lancer' Medium Energy Turret ME-802,3206
 Inherent Implants 'Lancer' Small Energy Turret SE-604,3207
 Inherent Implants 'Lancer' Controlled Bursts CB-704,3208
 Inherent Implants 'Lancer' Gunnery RF-904,3209
 Inherent Implants 'Lancer' Large Energy Turret LE-1004,3210
 Inherent Implants 'Lancer' Medium Energy Turret ME-804,3211
 Inherent Implants 'Lancer' Small Energy Turret SE-606,3212
 Inherent Implants 'Lancer' Controlled Bursts CB-706,3213
 Inherent Implants 'Lancer' Gunnery RF-906,3214
 Inherent Implants 'Lancer' Large Energy Turret LE-1006,3215
 Inherent Implants 'Lancer' Medium Energy Turret ME-806,3216
 Zainou 'Deadeye' Sharpshooter ST-902,3217
 Low-grade Halo Epsilon,33938
 Low-grade Halo Gamma,33939
 Zainou 'Deadeye' Trajectory Analysis TA-704,3220
 Zainou 'Deadeye' Trajectory Analysis TA-706,3221
 Zainou 'Deadeye' Large Hybrid Turret LH-1002,3222
 Zainou 'Deadeye' Large Hybrid Turret LH-1004,3223
 Zainou 'Deadeye' Large Hybrid Turret LH-1006,3224
 Zainou 'Deadeye' Small Hybrid Turret SH-602,3225
 Zainou 'Deadeye' Small Hybrid Turret SH-604,3226
 Zainou 'Deadeye' Small Hybrid Turret SH-606,3227
 Zainou 'Gnome' Weapon Upgrades WU-1002,3228
 Zainou 'Gnome' Weapon Upgrades WU-1004,3229
 Zainou 'Gnome' Weapon Upgrades WU-1006,3230
 Zainou 'Deadeye' Medium Hybrid Turret MH-802,3231
 Zainou 'Deadeye' Medium Hybrid Turret MH-804,3232
 Zainou 'Deadeye' Medium Hybrid Turret MH-806,3233
 Zainou 'Deadeye' Sharpshooter ST-904,3234
 Zainou 'Deadeye' Sharpshooter ST-906,3235
 Zainou 'Deadeye' Trajectory Analysis TA-702,3236
 Inherent Implants 'Squire' Capacitor Management EM-802,3237
 Inherent Implants 'Squire' Capacitor Management EM-804,3238
 Inherent Implants 'Squire' Capacitor Management EM-806,3239
 Inherent Implants 'Squire' Capacitor Systems Operation EO-602,3240
 Inherent Implants 'Squire' Capacitor Systems Operation EO-604,3241
 Low-grade Snake Epsilon,33962
 Low-grade Snake Gamma,33963
 Low-grade Snake Omega,33964
 Low-grade Talisman Alpha,33965
 Inherent Implants 'Squire' Capacitor Systems Operation EO-606,3246
 Inherent Implants 'Squire' Capacitor Emission Systems ES-702,3247
 Inherent Implants 'Squire' Capacitor Emission Systems ES-704,3248
 Inherent Implants 'Squire' Capacitor Emission Systems ES-706,3249
 Inherent Implants 'Squire' Energy Pulse Weapons EP-702,3250
 Inherent Implants 'Squire' Energy Pulse Weapons EP-704,3251
 Inherent Implants 'Squire' Energy Pulse Weapons EP-706,3252
 Inherent Implants 'Squire' Energy Grid Upgrades EU-702,3253
 Inherent Implants 'Squire' Energy Grid Upgrades EU-704,3254
 Inherent Implants 'Squire' Energy Grid Upgrades EU-706,3255
 Inherent Implants 'Squire' Power Grid Management EG-602,3256
 Inherent Implants 'Squire' Power Grid Management EG-604,3257
 Inherent Implants 'Squire' Power Grid Management EG-606,3258
 Zainou 'Gypsy' Electronics Upgrades EU-602,3262
 Zainou 'Gypsy' Electronics Upgrades EU-604,3263
 Zainou 'Gypsy' Electronics Upgrades EU-606,3264
 Zainou 'Gypsy' CPU Management EE-602,3265
 Zainou 'Gypsy' CPU Management EE-604,3266
 Zainou 'Gypsy' CPU Management EE-606,3267
 Zainou 'Gypsy' Signature Analysis SA-702,3268
 Zainou 'Gypsy' Signature Analysis SA-704,3269
 Zainou 'Gypsy' Signature Analysis SA-706,3270
 Zainou 'Gypsy' Electronic Warfare EW-902,3271
 Zainou 'Gypsy' Electronic Warfare EW-904,3272
 Zainou 'Gypsy' Electronic Warfare EW-906,3273
 Zainou 'Gypsy' Long Range Targeting LT-802,3274
 Zainou 'Gypsy' Long Range Targeting LT-804,3275
 Zainou 'Gypsy' Long Range Targeting LT-806,3276
 Zainou 'Gypsy' Propulsion Jamming PJ-802,3277
 Zainou 'Gypsy' Propulsion Jamming PJ-804,3278
 Zainou 'Gypsy' Propulsion Jamming PJ-806,3279
 Zainou 'Gypsy' Sensor Linking SL-902,3280
 Zainou 'Gypsy' Sensor Linking SL-904,3281
 Zainou 'Gypsy' Sensor Linking SL-906,3282
 Zainou 'Gypsy' Weapon Disruption WD-902,3283
 Zainou 'Gypsy' Weapon Disruption WD-904,3284
 High-grade Grail Epsilon,31957
 High-grade Grail Gamma,31958
 Zainou 'Gypsy' Weapon Disruption WD-906,3287
 Zainou 'Gypsy' Target Painting TG-902,3288
 Zainou 'Gypsy' Target Painting TG-904,3289
 Zainou 'Gypsy' Target Painting TG-906,3290
 Inherent Implants 'Noble' Repair Systems RS-602,3291
 Inherent Implants 'Noble' Repair Systems RS-604,3292
 High-grade Talon Epsilon,31965
 High-grade Talon Gamma,31966
 High-grade Talon Omega,31967
 High-grade Spur Alpha,31968
 High-grade Spur Beta,31969
 High-grade Spur Delta,31970
 Inherent Implants 'Noble' Repair Systems RS-606,3299
 Inherent Implants 'Noble' Repair Proficiency RP-903,19684
 Inherent Implants 'Noble' Repair Proficiency RP-905,19685
 Eifyr and Co. 'Gunslinger' Motion Prediction MR-705,19686
 Eifyr and Co. 'Gunslinger' Surgical Strike SS-905,19687
 Eifyr and Co. 'Gunslinger' Large Projectile Turret LP-1005,19688
 Eifyr and Co. 'Gunslinger' Medium Projectile Turret MP-805,19689
 Eifyr and Co. 'Gunslinger' Small Projectile Turret SP-605,19690
 Inherent Implants 'Lancer' Small Energy Turret SE-605,19691
 Inherent Implants 'Lancer' Controlled Bursts CB-705,19692
 Inherent Implants 'Lancer' Gunnery RF-905,19693
 Inherent Implants 'Lancer' Large Energy Turret LE-1005,19694
 Inherent Implants 'Lancer' Medium Energy Turret ME-805,19695
 Zainou 'Deadeye' Sharpshooter ST-905,19696
 Zainou 'Deadeye' Trajectory Analysis TA-705,19697
 Zainou 'Deadeye' Large Hybrid Turret LH-1005,19698
 Zainou 'Deadeye' Medium Hybrid Turret MH-805,19699
 Zainou 'Deadeye' Small Hybrid Turret SH-605,19700
 Zainou 'Beancounter' Research RR-603,27177
 Gold Ouroboros Accelerator,42232
 High-grade Grail Delta,31956
 Copper Ouroboros Accelerator,42234
 Pashan's Turret Handling Mindlink,25867
 Pashan's Turret Customization Mindlink,25868
 Low-Grade Asklepian Delta,42200
 Low-Grade Asklepian Epsilon,42201
 QA Cerebral Accelerator - (16),42120
 High-grade Talon Alpha,31962
 High-grade Grail Omega,31959
 High-grade Talon Beta,31963
 Genolution 'Auroral' AU-79,33329
 High-grade Talon Delta,31964
 Mid-Grade Asklepian Beta,42205
 Mid-Grade Asklepian Gamma,42206
 QA Cerebral Accelerator - (32),42121
 Mid-Grade Asklepian Delta,42207
 Mid-Grade Asklepian Epsilon,42208
 Standard X-Instinct Booster,15457
 High-Grade Asklepian Alpha,42210
 High-grade Spur Epsilon,31971
 Inherent Implants 'Noble' Remote Armor Repair Systems RA-702,3414
 Inherent Implants 'Noble' Remote Armor Repair Systems RA-704,3415
 High-grade Spur Gamma,31972
 High-grade Spur Omega,31973
 Poteque 'Prospector' Astrometric Rangefinding AR-802,27195
 High-grade Jackal Alpha,31974
 Low-grade Grail Beta,32102
 Low-grade Grail Delta,32103
 Low-grade Grail Epsilon,32104
 Low-grade Grail Gamma,32105
 High-grade Jackal Beta,31975
 Low-grade Spur Beta,32108
 Low-grade Spur Delta,32109
 Low-grade Spur Epsilon,32110
 Low-grade Spur Gamma,32111
 Low-grade Talon Alpha,32112
 High-grade Jackal Delta,31976
 Low-grade Talon Delta,32114
 Low-grade Talon Epsilon,32115
 Low-grade Talon Gamma,32116
 Low-grade Jackal Alpha,32117
 Low-grade Jackal Beta,32118
 High-grade Jackal Epsilon,31977
 Low-grade Jackal Epsilon,32120
 Low-grade Jackal Gamma,32121
 Low-grade Grail Omega,32122
 Low-grade Jackal Omega,32123
 Low-grade Spur Omega,32124
 High-grade Jackal Gamma,31978
 Shield Command Mindlink,21888
 Information Command Mindlink,21889
 Skirmish Command Mindlink,21890
 High-grade Jackal Omega,31979
 Inherent Implants 'Noble' Remote Armor Repair Systems RA-706,3470
 Inherent Implants 'Noble' Mechanic MC-802,3471
 Inherent Implants 'Noble' Mechanic MC-804,3474
 Inherent Implants 'Noble' Mechanic MC-806,3475
 Inherent Implants 'Noble' Repair Proficiency RP-902,3476
 Inherent Implants 'Noble' Repair Proficiency RP-904,3477
 Inherent Implants 'Noble' Repair Proficiency RP-906,3478
 Inherent Implants 'Noble' Hull Upgrades HG-1002,3479
 Inherent Implants 'Noble' Hull Upgrades HG-1004,3481
 Inherent Implants 'Noble' Hull Upgrades HG-1006,3482
 Inherent Implants 'Noble' Remote Armor Repair Systems RA-703,17871
 Silver Ouroboros Accelerator,42233
 Nugoehuvi Synth Blue Pill Booster,32248
 Imperial Navy Modified 'Noble' Implant,32254
 Sansha Modified 'Gnome' Implant,32255
 Zainou 'Gypsy' Electronic Warfare EW-905,27225
 High-grade Snake Omega,19556
 Blood Raider Cerebral Accelerator,42531
 Advanced Blood Raider Cerebral Accelerator,42541
 Zainou 'Gypsy' Propulsion Jamming PJ-801,27231
 Low-grade Nomad Alpha,33947
 Mid-grade Crystal Alpha,22107
 Mid-grade Crystal Beta,22108
 Mid-grade Crystal Delta,22109
 Mid-grade Crystal Epsilon,22110
 Mid-grade Crystal Gamma,22111
 Mid-grade Crystal Omega,22112
 Mid-grade Halo Alpha,22113
 Mid-grade Halo Beta,22114
 Mid-grade Halo Delta,22115
 Mid-grade Halo Epsilon,22116
 Mid-grade Halo Gamma,22117
 Mid-grade Halo Omega,22118
 Mid-grade Slave Alpha,22119
 Mid-grade Slave Beta,22120
 Mid-grade Slave Delta,22121
 Mid-grade Slave Epsilon,22122
 Mid-grade Slave Gamma,22123
 Mid-grade Slave Omega,22124
 Mid-grade Snake Alpha,22125
 Mid-grade Snake Beta,22126
 Mid-grade Snake Delta,22127
 Mid-grade Snake Epsilon,22128
 Mid-grade Snake Gamma,22129
 Mid-grade Snake Omega,22130
 Mid-grade Talisman Alpha,22131
 Mid-grade Talisman Beta,22133
 Mid-grade Talisman Delta,22134
 Mid-grade Talisman Epsilon,22135
 Mid-grade Talisman Gamma,22136
 Mid-grade Talisman Omega,22137
 Low-grade Spur Alpha,32107
 Low-grade Talisman Epsilon,33968
 Eifyr and Co. 'Rogue' Navigation NN-605,16003
 Eifyr and Co. 'Rogue' Evasive Maneuvering EM-705,16004
 Eifyr and Co. 'Rogue' Fuel Conservation FC-805,16005
 Eifyr and Co. 'Rogue' High Speed Maneuvering HS-905,16006
 Eifyr and Co. 'Rogue' Acceleration Control AC-603,16008
 Eifyr and Co. 'Rogue' Acceleration Control AC-605,16009
 Low-grade Nomad Delta,33949
 High-grade Crystal Alpha,20121
 Inherent Implants 'Noble' Hull Upgrades HG-1008,21606
 Low-grade Talisman Beta,33966
 Zainou 'Snapshot' FOF Explosion Radius FR-1001,27249
 Ocular Filter - Basic,9899
 Genolution Core Augmentation CA-4,33394
 Low-grade Nomad Epsilon,33950
 Eifyr and Co. 'Alchemist' Neurotoxin Control NC-903,25545
 Low-Grade Asklepian Gamma,42202
 High-grade Crystal Beta,20157
 High-grade Crystal Gamma,20158
 High-grade Crystal Delta,20159
 High-grade Crystal Epsilon,20160
 High-grade Crystal Omega,20161
 Eifyr and Co. 'Alchemist' Neurotoxin Recovery NR-1003,25547
 High-grade Grail Alpha,31954
 Eifyr and Co. 'Alchemist' Neurotoxin Recovery NR-1005,25548
 Zainou 'Snapshot' Rockets RD-901,27255
 Low-grade Nomad Gamma,33951
 Memory Augmentation - Basic,9941
 Neural Boost - Basic,9942
 Cybernetic Subprocessor - Basic,9943
 Standard Crash Booster,9947
 Standard Blue Pill Booster,9950
 Imperial Navy Command Mindlink,33403
 Social Adaptation Chip - Basic,9956
 Eifyr and Co. 'Gunslinger' Motion Prediction MR-703,9957
 Federation Navy Command Mindlink,33404
 Low-grade Nomad Omega,33952
 Mid-Grade Asklepian Alpha,42204
 Low-grade Slave Alpha,33953
 Aurora Alpha,24343
 Aurora Delta,24344
 Aurora Omega,24345
 Aurora Epsilon,24346
 Aurora Beta,24347
 Ogdin's Eye Coordination Enhancer,20443
 Low-grade Slave Beta,33954
 Quafe Zero,3898
 ORE Mining Director Mindlink,43775
 High-grade Grail Beta,31955
 Zainou 'Gnome' Shield Upgrades SU-605,16245
 Zainou 'Gnome' Shield Management SM-705,16246
 Zainou 'Gnome' Shield Emission Systems SE-805,16247
 Zainou 'Gnome' Shield Operation SP-905,16248
 Zainou 'Gnome' Weapon Upgrades WU-1005,16249
 Numon Family Heirloom,20358
 Mid-grade Asklepian Omega,42209
 Whelan Machorin's Ballistic Smartlink,20371
 Low-grade Slave Omega,33958
 High-Grade Asklepian Gamma,42212
 Aurora Gamma,24485
 Improved Crash Booster,10151
 Strong Crash Booster,10152
 YC119 Yoiul Festival Accelerator,44217
 Improved Blue Pill Booster,10155
 Strong Blue Pill Booster,10156
 Standard Sooth Sayer Booster,10164
 Improved Sooth Sayer Booster,10165
 Strong Sooth Sayer Booster,10166
 High-Grade Asklepian Beta,42211
 Limited Ocular Filter - Beta,14295
 Limited Neural Boost - Beta,14296
 Limited Memory Augmentation - Beta,14297
 Limited Cybernetic Subprocessor - Beta,14298
 Limited Social Adaptation Chip - Beta,14299
 Zainou 'Deadeye' Sharpshooter ST-903,10204
 Memory Augmentation - Standard,10208
 Memory Augmentation - Improved,10209
 Memory Augmentation - Advanced,10210
 Memory Augmentation - Elite,10211
 Neural Boost - Standard,10212
 Neural Boost - Improved,10213
 Neural Boost - Advanced,10214
 Neural Boost - Elite,10215
 Ocular Filter - Standard,10216
 Ocular Filter - Improved,10217
 Ocular Filter - Advanced,10218
 Ocular Filter - Elite,10219
 Cybernetic Subprocessor - Standard,10221
 Cybernetic Subprocessor - Improved,10222
 Cybernetic Subprocessor - Advanced,10223
 Cybernetic Subprocessor - Elite,10224
 Social Adaptation Chip - Standard,10225
 Social Adaptation Chip - Improved,10226
 Social Adaptation Chip - Advanced,10227
 Zainou 'Gnome' Shield Management SM-703,10228
 Synth Blue Pill Booster,28670
